Platform,Date,Time,Text,Media,Link
Twitter,2025-10-01,15:00,"â° 24 hours until ClrSwarm launch!

Tomorrow: A new way to orchestrate clarity across distributed engineering signals.

Ready to transform your observability workflow?

#ComingSoon #DevOps",square-bold-typography.png,https://clrswarm.com?utm_source=twitter&utm_medium=social&utm_campaign=launch_oct2025
LinkedIn,2025-10-01,09:00,"**Why we're building ClrSwarm**

Every engineer has been there: production is down, alerts are firing, and you're frantically switching between monitoring tools trying to understand what's happening.

We built ClrSwarm because we've lived this pain.

**The vision:**

Engineering operational data should be unified, not siloed. Investigations should be accelerated, not manual. Insights should be actionable, not buried.

**What we're launching October 7:**

â€¢ Unified telemetry pipeline â€“ one source of truth
â€¢ Actionable correlation engine â€“ automatic pattern detection  
â€¢ Human + AI workflows â€“ faster investigation and resolution

**Our mission:**

Orchestrate clarity across your engineering data.

Visit clrswarm.com on October 7 for early access.

#StartupLaunch #Engineering #ProductLaunch",landscape-hero.png,https://clrswarm.com?utm_source=linkedin&utm_medium=social&utm_campaign=launch_oct2025
Twitter,2025-10-07,06:00,"ğŸš€ Launching ClrSwarm â€“ Turn distributed signals into unified insight.

âœ¨ Unified telemetry pipeline
ğŸ” Actionable correlation engine  
ğŸ¤ Human + AI investigation workflows

Orchestrate clarity across your engineering data.

#DevOps #Observability #Engineering",landscape-hero.png,https://clrswarm.com?utm_source=twitter&utm_medium=social&utm_campaign=launch_oct2025
LinkedIn,2025-10-07,09:00,"**Excited to announce: ClrSwarm launches October 7, 2025 ğŸš€**

After months of development, we're launching ClrSwarm â€“ a platform designed to orchestrate clarity across engineering operational data.

**What is ClrSwarm?**

Modern engineering teams are drowning in telemetry. Metrics, logs, traces, and events come from dozens of sources, making it nearly impossible to get a unified view when things go wrong.

ClrSwarm addresses this by providing:
â€¢ Unified telemetry pipeline â€“ one place for all your signals
â€¢ Actionable correlation engine â€“ intelligent pattern detection
â€¢ Human + AI investigation workflows â€“ accelerate root cause analysis

**Why we built this:**

We've experienced firsthand the challenges of debugging distributed systems. The problem isn't lack of data â€“ it's making sense of it all. ClrSwarm turns distributed signals into unified insight.

**Join us:**

Visit clrswarm.com on October 7 for early access.

#DevOps #SRE #Observability #PlatformEngineering #TechLaunch",landscape-hero.png,https://clrswarm.com?utm_source=linkedin&utm_medium=social&utm_campaign=launch_oct2025
Twitter,2025-10-07,14:00,"ClrSwarm is here. ğŸ‰

Turn distributed signals into unified insight. 

Unified telemetry. Smart correlation. Human + AI.

Launch day: clrswarm.com

#Engineering #Observability",square-bold.png,https://clrswarm.com?utm_source=twitter&utm_medium=social&utm_campaign=launch_oct2025
Twitter,2025-10-07,20:00,"ğŸ“¢ Announcement: ClrSwarm launches October 7! 

A new platform to unify and reason over engineering operational data.

ğŸ¯ Unified telemetry
ğŸ”— Smart correlation
ğŸ’¡ Human + AI workflows

Join us: clrswarm.com

#TechLaunch #DevTools",landscape-feature-grid.png,https://clrswarm.com?utm_source=twitter&utm_medium=social&utm_campaign=launch_oct2025
LinkedIn,2025-10-07,17:00,"**Three capabilities that set ClrSwarm apart:**

ğŸ”¹ **Unified Telemetry Pipeline**
Ingest metrics, logs, traces, and events from any source. One pipeline, one query language, unified insights.

ğŸ”¹ **Actionable Correlation Engine**  
Automatically detect patterns across signal types. Find the root cause faster with intelligent correlation.

ğŸ”¹ **Human + AI Investigation Workflows**
Accelerate debugging with AI-assisted investigation. Get suggestions, not just dashboards.

**Launch date:** October 7, 2025

Modern engineering teams need more than monitoring â€“ they need orchestrated clarity.

Learn more: clrswarm.com

#DevOps #AIOps #Engineering #Observability",square-feature.png,https://clrswarm.com?utm_source=linkedin&utm_medium=social&utm_campaign=launch_oct2025
